{
    "rmse": 0.6712957762843857,
    "mae": 0.535084211874677,
    "r2": 0.279260257687892
}